Movimentação,Tipo,Valor,Saldo antes,Saldo depois,Tarifa,Data,Horário,Situação,Nosso Número,Destino,Destino Documento,Destino Instituição,Destino Agência,Destino Conta,Origem,Origem Documento,Origem Instituição,Origem Agência,Origem Conta,Descrição
Crédito,Transação,"99,00","R$ 3.444,10","R$ 3.542,36","R$ 0,74",30/09/2026 17:58,17:58:34.858,FINISHED,,SIIBELLO STUDIO DE ESTETICA LTDA,66.111.838/0002-41,Stone Instituição de Pagamento S.A.,0001,70951239-6,JANNAINA FERNANDA M FREITAS,***.439.958-**,ITAÚ UNIBANCO S.A.,Desconhecido,Desconhecido,
Crédito,Transação,"99,00","R$ 3.345,84","R$ 3.444,10","R$ 0,74",30/09/2026 16:30,16:30:27.622,FINISHED,,SIIBELLO STUDIO DE ESTETICA LTDA,66.111.838/0002-41,Stone Instituição de Pagamento S.A.,0001,70951239-6,Jannaina Fernanda Moreno De Freitas,***.439.958-**,STONE INSTITUIÇÃO DE PAGAMENTO S.A.,Desconhecido,Desconhecido,
Crédito,Transação,"198,00","R$ 3.149,32","R$ 3.345,84","R$ 1,48",30/09/2026 10:14,10:14:46.549,FINISHED,,SIIBELLO STUDIO DE ESTETICA LTDA,66.111.838/0002-41,Stone Instituição de Pagamento S.A.,0001,70951239-6,MAGDA APARECIDA VAGLI ZOBRA,***.040.048-**,Banco Bradesco S.A.,Desconhecido,Desconhecido,
Crédito,Recebível de Cartão,"155,68","R$ 2.993,64","R$ 3.149,32","R$ 0,00",30/09/2026 08:12,08:12:23.751,FINISHED,,SIIBELLO STUDIO DE ESTETICA LTDA,66.111.838/0002-41,Stone Instituição de Pagamento S.A.,0001,70951239-6,Desconhecido,Desconhecido,Desconhecido,Desconhecido,Desconhecido,
Crédito,Pix,"99,00","R$ 2.894,64","R$ 2.993,64",Grátis,29/09/2026 17:41,17:41:15.445,Recebido,,SIIBELLO STUDIO DE ESTETICA LTDA,66.111.838/0002-41,Stone Instituição de Pagamento S.A.,0001,70951239-6,CATIA DOS ANJOS DAMASCENO,***.805.505-**,CAIXA ECONOMICA FEDERAL,Desconhecido,Desconhecido,
Crédito,Pix,"200,00","R$ 2.694,64","R$ 2.894,64",Grátis,29/09/2026 11:50,11:50:23.885,Recebido,,SIIBELLO STUDIO DE ESTETICA LTDA,66.111.838/0002-41,Stone Instituição de Pagamento S.A.,0001,70951239-6,Elisangela Pessotti,***.982.728-**,NU PAGAMENTOS S.A. - INSTITUIÇÃO DE PAGAMENTO,Desconhecido,Desconhecido,
Crédito,Recebível de Cartão,"547,83","R$ 2.146,81","R$ 2.694,64","R$ 0,00",28/09/2026 08:28,08:28:59.299,FINISHED,,SIIBELLO STUDIO DE ESTETICA LTDA,66.111.838/0002-41,Stone Instituição de Pagamento S.A.,0001,70951239-6,Desconhecido,Desconhecido,Desconhecido,Desconhecido,Desconhecido,
Crédito,Recebível de Cartão,"567,43","R$ 1.579,38","R$ 2.146,81","R$ 0,00",28/09/2026 08:19,08:19:36.842,FINISHED,,SIIBELLO STUDIO DE ESTETICA LTDA,66.111.838/0002-41,Stone Instituição de Pagamento S.A.,0001,70951239-6,Desconhecido,Desconhecido,Desconhecido,Desconhecido,Desconhecido,
Crédito,Transação,"198,00","R$ 1.382,86","R$ 1.579,38","R$ 1,48",26/09/2026 19:17,19:17:38.747,FINISHED,,SIIBELLO STUDIO DE ESTETICA LTDA,66.111.838/0002-41,Stone Instituição de Pagamento S.A.,0001,70951239-6,SAULO SOARES ZEFERINO,***.571.638-**,BANCO SANTANDER (BRASIL) S.A.,Desconhecido,Desconhecido,
Crédito,Transação,"198,00","R$ 1.186,34","R$ 1.382,86","R$ 1,48",26/09/2026 15:48,15:48:13.472,FINISHED,,SIIBELLO STUDIO DE ESTETICA LTDA,66.111.838/0002-41,Stone Instituição de Pagamento S.A.,0001,70951239-6,ART EM TUDO LTDA,05.828.162/0001-36,MERCADO PAGO INSTITUIÇÃO DE PAGAMENTO LTDA.,Desconhecido,Desconhecido,
Crédito,Transação,"198,00","R$ 989,82","R$ 1.186,34","R$ 1,48",26/09/2026 14:57,14:57:34.732,FINISHED,,SIIBELLO STUDIO DE ESTETICA LTDA,66.111.838/0002-41,Stone Instituição de Pagamento S.A.,0001,70951239-6,ROBERTO FONTANA RINALDO NEGOCI,33.205.954/0001-90,ITAÚ UNIBANCO S.A.,Desconhecido,Desconhecido,
Crédito,Transação,"99,00","R$ 891,56","R$ 989,82","R$ 0,74",26/09/2026 14:11,14:11:19.640,FINISHED,,SIIBELLO STUDIO DE ESTETICA LTDA,66.111.838/0002-41,Stone Instituição de Pagamento S.A.,0001,70951239-6,ISA RABETTI ROMANO,***.602.038-**,ITAÚ UNIBANCO S.A.,Desconhecido,Desconhecido,
Crédito,Transação,"0,01","R$ 891,55","R$ 891,56",Grátis,26/09/2026 12:01,12:01:07.295,FINISHED,,SIIBELLO STUDIO DE ESTETICA LTDA,66.111.838/0002-41,Stone Instituição de Pagamento S.A.,0001,70951239-6,LUCAS DE PINHO GARCIA,***.708.888-**,ITAÚ UNIBANCO S.A.,Desconhecido,Desconhecido,
Crédito,Pix,"99,00","R$ 792,55","R$ 891,55",Grátis,26/09/2026 11:31,11:31:27.527,Recebido,,SIIBELLO STUDIO DE ESTETICA LTDA,66.111.838/0002-41,Stone Instituição de Pagamento S.A.,0001,70951239-6,LETICIA APARECIDA DE BRITO MOTTA,***.386.788-**,BANCO SANTANDER (BRASIL) S.A.,Desconhecido,Desconhecido,
Crédito,Pix,"200,00","R$ 592,55","R$ 792,55",Grátis,25/09/2026 11:47,11:47:24.656,Recebido,,SIIBELLO STUDIO DE ESTETICA LTDA,66.111.838/0002-41,Stone Instituição de Pagamento S.A.,0001,70951239-6,VERA LUCIA DA SILVA,***.793.768-**,ITAÚ UNIBANCO S.A.,Desconhecido,Desconhecido,
Crédito,Pix,"99,00","R$ 493,55","R$ 592,55",Grátis,23/09/2026 09:07,09:07:57.384,Recebido,,SIIBELLO STUDIO DE ESTETICA LTDA,66.111.838/0002-41,Stone Instituição de Pagamento S.A.,0001,70951239-6,Rubia Paoletti Magrini,***.676.188-**,NU PAGAMENTOS S.A. - INSTITUIÇÃO DE PAGAMENTO,Desconhecido,Desconhecido,
Crédito,Pix,"99,00","R$ 394,55","R$ 493,55",Grátis,22/09/2026 09:12,09:12:05.302,Recebido,,SIIBELLO STUDIO DE ESTETICA LTDA,66.111.838/0002-41,Stone Instituição de Pagamento S.A.,0001,70951239-6,PATRICIA FERUGLIO,***.533.478-**,ITAÚ UNIBANCO S.A.,Desconhecido,Desconhecido,
Crédito,Pix,"99,00","R$ 295,55","R$ 394,55",Grátis,20/09/2026 16:31,16:31:53.749,Recebido,,SIIBELLO STUDIO DE ESTETICA LTDA,66.111.838/0002-41,Stone Instituição de Pagamento S.A.,0001,70951239-6,JULIANA BOLOGNA,***.906.838-**,Banco Bradesco S.A.,Desconhecido,Desconhecido,
Crédito,Pix,"99,00","R$ 196,55","R$ 295,55",Grátis,20/09/2026 12:03,12:03:06.241,Recebido,,SIIBELLO STUDIO DE ESTETICA LTDA,66.111.838/0002-41,Stone Instituição de Pagamento S.A.,0001,70951239-6,Thaís Lírio Pereira,***.731.018-**,NU PAGAMENTOS S.A. - INSTITUIÇÃO DE PAGAMENTO,Desconhecido,Desconhecido,
Crédito,Pix,"99,00","R$ 97,55","R$ 196,55",Grátis,18/09/2026 11:01,11:01:29.976,Recebido,,SIIBELLO STUDIO DE ESTETICA LTDA,66.111.838/0002-41,Stone Instituição de Pagamento S.A.,0001,70951239-6,BIANCA DE AZEVEDO LIMA,***.643.017-**,BANCO SANTANDER (BRASIL) S.A.,Desconhecido,Desconhecido,
Crédito,Recebível de Cartão,"97,54","R$ 0,01","R$ 97,55","R$ 0,00",16/09/2026 08:12,08:12:13.821,FINISHED,,SIIBELLO STUDIO DE ESTETICA LTDA,66.111.838/0002-41,Stone Instituição de Pagamento S.A.,0001,70951239-6,Desconhecido,Desconhecido,Desconhecido,Desconhecido,Desconhecido,
Crédito,Recebível de Cartão,"0,01","R$ 0,00","R$ 0,01","R$ 0,00",14/09/2026 08:15,08:15:45.018,FINISHED,,SIIBELLO STUDIO DE ESTETICA LTDA,66.111.838/0002-41,Stone Instituição de Pagamento S.A.,0001,70951239-6,Desconhecido,Desconhecido,Desconhecido,Desconhecido,Desconhecido,
