Movimentação,Tipo,Valor,Saldo antes,Saldo depois,Tarifa,Data,Horário,Situação,Nosso Número,Destino,Destino Documento,Destino Instituição,Destino Agência,Destino Conta,Origem,Origem Documento,Origem Instituição,Origem Agência,Origem Conta,Descrição
Débito,Pix,"-49.591,42","R$ 49.591,42","R$ 0,00",Grátis,10/10/2026 08:19,08:19:53.831,Enviado,,SIIBELLO STUDIO DE ESTETICA LTDA,66.111.838/0001-60,Banco XP S.A.,Desconhecido,Desconhecido,66111838000160,66.111.838/0001-60,Stone Instituição de Pagamento S.A.,0001,98432083-8,
Crédito,Transação,"49.591,42","R$ 0,00","R$ 49.591,42",Grátis,10/10/2026 08:18,08:18:57.891,FINISHED,,66111838000160,66.111.838/0001-60,Stone Instituição de Pagamento S.A.,0001,98432083-8,Desconhecido,Desconhecido,STONE INSTITUIÇÃO DE PAGAMENTO S.A.,Desconhecido,Desconhecido,
Débito,Transação,"-52,66","R$ 52,66","R$ 0,00","R$ 0,00",09/10/2026 17:30,17:30:45.638,FINISHED,,Desconhecido,Desconhecido,Desconhecido,Desconhecido,Desconhecido,66111838000160,66.111.838/0001-60,Stone Instituição de Pagamento S.A.,0001,98432083-8,
Crédito,Transação,"53,00","R$ 0,00","R$ 52,66","R$ 0,34",09/10/2026 17:30,17:30:45.578,FINISHED,,66111838000160,66.111.838/0001-60,Stone Instituição de Pagamento S.A.,0001,98432083-8,Tais Cristina Leite Cabral,***.163.238-**,NU PAGAMENTOS S.A. - INSTITUIÇÃO DE PAGAMENTO,Desconhecido,Desconhecido,
Débito,Transação,"-52,66","R$ 52,66","R$ 0,00","R$ 0,00",09/10/2026 14:23,14:23:29.454,FINISHED,,Desconhecido,Desconhecido,Desconhecido,Desconhecido,Desconhecido,66111838000160,66.111.838/0001-60,Stone Instituição de Pagamento S.A.,0001,98432083-8,
Crédito,Transação,"53,00","R$ 0,00","R$ 52,66","R$ 0,34",09/10/2026 14:23,14:23:29.397,FINISHED,,66111838000160,66.111.838/0001-60,Stone Instituição de Pagamento S.A.,0001,98432083-8,AGOSTINHO MARCOLINO GONCALVES DE AGUIAR,***.390.748-**,ITAÚ UNIBANCO S.A.,Desconhecido,Desconhecido,
Débito,Transação,"-381,51","R$ 381,51","R$ 0,00","R$ 0,00",09/10/2026 13:09,13:09:18.497,FINISHED,,Desconhecido,Desconhecido,Desconhecido,Desconhecido,Desconhecido,66111838000160,66.111.838/0001-60,Stone Instituição de Pagamento S.A.,0001,98432083-8,
Crédito,Transação,"384,00","R$ 0,00","R$ 381,51","R$ 2,49",09/10/2026 13:09,13:09:18.447,FINISHED,,66111838000160,66.111.838/0001-60,Stone Instituição de Pagamento S.A.,0001,98432083-8,MICHELE NUNES DA SILVA,***.156.728-**,Banco C6 S.A.,Desconhecido,Desconhecido,
Débito,Transação,"-321,24","R$ 321,24","R$ 0,00","R$ 0,00",09/10/2026 08:16,08:16:24.757,FINISHED,,Desconhecido,Desconhecido,Desconhecido,Desconhecido,Desconhecido,66111838000160,66.111.838/0001-60,Stone Instituição de Pagamento S.A.,0001,98432083-8,
Crédito,Recebível de Cartão,"321,24","R$ 0,00","R$ 321,24","R$ 0,00",09/10/2026 08:16,08:16:24.696,FINISHED,,66111838000160,66.111.838/0001-60,Stone Instituição de Pagamento S.A.,0001,98432083-8,Desconhecido,Desconhecido,Desconhecido,Desconhecido,Desconhecido,
Débito,Transação,"-234,53","R$ 234,53","R$ 0,00","R$ 0,00",09/10/2026 08:10,08:10:29.170,FINISHED,,Desconhecido,Desconhecido,Desconhecido,Desconhecido,Desconhecido,66111838000160,66.111.838/0001-60,Stone Instituição de Pagamento S.A.,0001,98432083-8,
Crédito,Recebível de Cartão,"234,53","R$ 0,00","R$ 234,53","R$ 0,00",09/10/2026 08:10,08:10:29.111,FINISHED,,66111838000160,66.111.838/0001-60,Stone Instituição de Pagamento S.A.,0001,98432083-8,Desconhecido,Desconhecido,Desconhecido,Desconhecido,Desconhecido,
Débito,Transação,"-799,03","R$ 799,03","R$ 0,00","R$ 0,00",09/10/2026 08:06,08:06:27.297,FINISHED,,Desconhecido,Desconhecido,Desconhecido,Desconhecido,Desconhecido,66111838000160,66.111.838/0001-60,Stone Instituição de Pagamento S.A.,0001,98432083-8,
Crédito,Recebível de Cartão,"799,03","R$ 0,00","R$ 799,03","R$ 0,00",09/10/2026 08:06,08:06:27.226,FINISHED,,66111838000160,66.111.838/0001-60,Stone Instituição de Pagamento S.A.,0001,98432083-8,Desconhecido,Desconhecido,Desconhecido,Desconhecido,Desconhecido,
Débito,Transação,"-108,30","R$ 108,30","R$ 0,00","R$ 0,00",08/10/2026 20:53,20:53:29.967,FINISHED,,Desconhecido,Desconhecido,Desconhecido,Desconhecido,Desconhecido,66111838000160,66.111.838/0001-60,Stone Instituição de Pagamento S.A.,0001,98432083-8,
Crédito,Transação,"109,00","R$ 0,00","R$ 108,30","R$ 0,70",08/10/2026 20:53,20:53:29.911,FINISHED,,66111838000160,66.111.838/0001-60,Stone Instituição de Pagamento S.A.,0001,98432083-8,52952909 FABIANA COCRI DA COSTA,52.952.909/0001-43,Banco Inter S.A.,Desconhecido,Desconhecido,
Débito,Transação,"-72,53","R$ 72,53","R$ 0,00","R$ 0,00",08/10/2026 19:14,19:14:11.552,FINISHED,,Desconhecido,Desconhecido,Desconhecido,Desconhecido,Desconhecido,66111838000160,66.111.838/0001-60,Stone Instituição de Pagamento S.A.,0001,98432083-8,
Crédito,Transação,"73,00","R$ 0,00","R$ 72,53","R$ 0,47",08/10/2026 19:14,19:14:11.492,FINISHED,,66111838000160,66.111.838/0001-60,Stone Instituição de Pagamento S.A.,0001,98432083-8,JANNAINA FERNANDA M FREITAS,***.439.958-**,ITAÚ UNIBANCO S.A.,Desconhecido,Desconhecido,
Débito,Transação,"-88,43","R$ 88,43","R$ 0,00","R$ 0,00",08/10/2026 09:57,09:57:54.475,FINISHED,,Desconhecido,Desconhecido,Desconhecido,Desconhecido,Desconhecido,66111838000160,66.111.838/0001-60,Stone Instituição de Pagamento S.A.,0001,98432083-8,
Crédito,Transação,"89,00","R$ 0,00","R$ 88,43","R$ 0,57",08/10/2026 09:57,09:57:54.423,FINISHED,,66111838000160,66.111.838/0001-60,Stone Instituição de Pagamento S.A.,0001,98432083-8,Thamirys Calandro Matos,***.079.228-**,MERCADO PAGO INSTITUIÇÃO DE PAGAMENTO LTDA.,Desconhecido,Desconhecido,
Débito,Transação,"-105,32","R$ 105,32","R$ 0,00","R$ 0,00",08/10/2026 09:11,09:11:26.241,FINISHED,,Desconhecido,Desconhecido,Desconhecido,Desconhecido,Desconhecido,66111838000160,66.111.838/0001-60,Stone Instituição de Pagamento S.A.,0001,98432083-8,
Crédito,Transação,"106,00","R$ 0,00","R$ 105,32","R$ 0,68",08/10/2026 09:11,09:11:26.186,FINISHED,,66111838000160,66.111.838/0001-60,Stone Instituição de Pagamento S.A.,0001,98432083-8,SORAIA SILVA MARCOMINI,***.940.478-**,ITAÚ UNIBANCO S.A.,Desconhecido,Desconhecido,
Débito,Transação,"-107,41","R$ 107,41","R$ 0,00","R$ 0,00",08/10/2026 08:14,08:14:05.369,FINISHED,,Desconhecido,Desconhecido,Desconhecido,Desconhecido,Desconhecido,66111838000160,66.111.838/0001-60,Stone Instituição de Pagamento S.A.,0001,98432083-8,
Crédito,Recebível de Cartão,"107,41","R$ 0,00","R$ 107,41","R$ 0,00",08/10/2026 08:14,08:14:05.266,FINISHED,,66111838000160,66.111.838/0001-60,Stone Instituição de Pagamento S.A.,0001,98432083-8,Desconhecido,Desconhecido,Desconhecido,Desconhecido,Desconhecido,
Débito,Transação,"-33,29","R$ 33,29","R$ 0,00","R$ 0,00",08/10/2026 08:12,08:12:23.165,FINISHED,,Desconhecido,Desconhecido,Desconhecido,Desconhecido,Desconhecido,66111838000160,66.111.838/0001-60,Stone Instituição de Pagamento S.A.,0001,98432083-8,
Crédito,Recebível de Cartão,"33,29","R$ 0,00","R$ 33,29","R$ 0,00",08/10/2026 08:12,08:12:23.086,FINISHED,,66111838000160,66.111.838/0001-60,Stone Instituição de Pagamento S.A.,0001,98432083-8,Desconhecido,Desconhecido,Desconhecido,Desconhecido,Desconhecido,
Débito,Transação,"-87,70","R$ 87,70","R$ 0,00","R$ 0,00",08/10/2026 08:08,08:08:43.310,FINISHED,,Desconhecido,Desconhecido,Desconhecido,Desconhecido,Desconhecido,66111838000160,66.111.838/0001-60,Stone Instituição de Pagamento S.A.,0001,98432083-8,
Crédito,Recebível de Cartão,"87,70","R$ 0,00","R$ 87,70","R$ 0,00",08/10/2026 08:08,08:08:43.206,FINISHED,,66111838000160,66.111.838/0001-60,Stone Instituição de Pagamento S.A.,0001,98432083-8,Desconhecido,Desconhecido,Desconhecido,Desconhecido,Desconhecido,
Débito,Transação,"-709,09","R$ 709,09","R$ 0,00","R$ 0,00",08/10/2026 08:06,08:06:44.753,FINISHED,,Desconhecido,Desconhecido,Desconhecido,Desconhecido,Desconhecido,66111838000160,66.111.838/0001-60,Stone Instituição de Pagamento S.A.,0001,98432083-8,
Crédito,Recebível de Cartão,"709,09","R$ 0,00","R$ 709,09","R$ 0,00",08/10/2026 08:06,08:06:44.621,FINISHED,,66111838000160,66.111.838/0001-60,Stone Instituição de Pagamento S.A.,0001,98432083-8,Desconhecido,Desconhecido,Desconhecido,Desconhecido,Desconhecido,
Débito,Transação,"-432,18","R$ 432,18","R$ 0,00","R$ 0,00",07/10/2026 20:18,20:18:13.532,FINISHED,,Desconhecido,Desconhecido,Desconhecido,Desconhecido,Desconhecido,66111838000160,66.111.838/0001-60,Stone Instituição de Pagamento S.A.,0001,98432083-8,
Crédito,Transação,"435,00","R$ 0,00","R$ 432,18","R$ 2,82",07/10/2026 20:18,20:18:13.477,FINISHED,,66111838000160,66.111.838/0001-60,Stone Instituição de Pagamento S.A.,0001,98432083-8,JOICE PRINCIPE DA SILVA,***.078.778-**,BANCO SANTANDER (BRASIL) S.A.,Desconhecido,Desconhecido,
Débito,Transação,"-160,95","R$ 160,95","R$ 0,00","R$ 0,00",07/10/2026 19:30,19:30:26.328,FINISHED,,Desconhecido,Desconhecido,Desconhecido,Desconhecido,Desconhecido,66111838000160,66.111.838/0001-60,Stone Instituição de Pagamento S.A.,0001,98432083-8,
Crédito,Transação,"162,00","R$ 0,00","R$ 160,95","R$ 1,05",07/10/2026 19:30,19:30:26.264,FINISHED,,66111838000160,66.111.838/0001-60,Stone Instituição de Pagamento S.A.,0001,98432083-8,SUELLEN DE PAULA SANTOS,***.157.118-**,Banco Bradesco S.A.,Desconhecido,Desconhecido,
Débito,Transação,"-52,66","R$ 52,66","R$ 0,00","R$ 0,00",07/10/2026 15:43,15:43:56.809,FINISHED,,Desconhecido,Desconhecido,Desconhecido,Desconhecido,Desconhecido,66111838000160,66.111.838/0001-60,Stone Instituição de Pagamento S.A.,0001,98432083-8,
Crédito,Transação,"53,00","R$ 0,00","R$ 52,66","R$ 0,34",07/10/2026 15:43,15:43:56.750,FINISHED,,66111838000160,66.111.838/0001-60,Stone Instituição de Pagamento S.A.,0001,98432083-8,Maria Eduarda de Aguiar Cardoso,***.170.178-**,MERCADO PAGO INSTITUIÇÃO DE PAGAMENTO LTDA.,Desconhecido,Desconhecido,
Débito,Transação,"-246,39","R$ 246,39","R$ 0,00","R$ 0,00",07/10/2026 12:13,12:13:02.662,FINISHED,,Desconhecido,Desconhecido,Desconhecido,Desconhecido,Desconhecido,66111838000160,66.111.838/0001-60,Stone Instituição de Pagamento S.A.,0001,98432083-8,
Crédito,Transação,"248,00","R$ 0,00","R$ 246,39","R$ 1,61",07/10/2026 12:13,12:13:02.606,FINISHED,,66111838000160,66.111.838/0001-60,Stone Instituição de Pagamento S.A.,0001,98432083-8,DANIELA REGINA RODRIGUES DOS S,29.361.555/0001-40,ITAÚ UNIBANCO S.A.,Desconhecido,Desconhecido,
Débito,Transação,"-87,70","R$ 87,70","R$ 0,00","R$ 0,00",07/10/2026 08:15,08:15:40.505,FINISHED,,Desconhecido,Desconhecido,Desconhecido,Desconhecido,Desconhecido,66111838000160,66.111.838/0001-60,Stone Instituição de Pagamento S.A.,0001,98432083-8,
Crédito,Recebível de Cartão,"87,70","R$ 0,00","R$ 87,70","R$ 0,00",07/10/2026 08:15,08:15:40.435,FINISHED,,66111838000160,66.111.838/0001-60,Stone Instituição de Pagamento S.A.,0001,98432083-8,Desconhecido,Desconhecido,Desconhecido,Desconhecido,Desconhecido,
Débito,Transação,"-202,01","R$ 202,01","R$ 0,00","R$ 0,00",07/10/2026 08:09,08:09:11.598,FINISHED,,Desconhecido,Desconhecido,Desconhecido,Desconhecido,Desconhecido,66111838000160,66.111.838/0001-60,Stone Instituição de Pagamento S.A.,0001,98432083-8,
Crédito,Recebível de Cartão,"202,01","R$ 0,00","R$ 202,01","R$ 0,00",07/10/2026 08:09,08:09:10.945,FINISHED,,66111838000160,66.111.838/0001-60,Stone Instituição de Pagamento S.A.,0001,98432083-8,Desconhecido,Desconhecido,Desconhecido,Desconhecido,Desconhecido,
Débito,Transação,"-112,27","R$ 112,27","R$ 0,00","R$ 0,00",06/10/2026 18:51,18:51:26.896,FINISHED,,Desconhecido,Desconhecido,Desconhecido,Desconhecido,Desconhecido,66111838000160,66.111.838/0001-60,Stone Instituição de Pagamento S.A.,0001,98432083-8,
Crédito,Transação,"113,00","R$ 0,00","R$ 112,27","R$ 0,73",06/10/2026 18:51,18:51:26.837,FINISHED,,66111838000160,66.111.838/0001-60,Stone Instituição de Pagamento S.A.,0001,98432083-8,IARA VIANA DOS SANTOS,***.071.048-**,CAIXA ECONOMICA FEDERAL,Desconhecido,Desconhecido,
Débito,Transação,"-88,43","R$ 88,43","R$ 0,00","R$ 0,00",06/10/2026 18:37,18:37:15.337,FINISHED,,Desconhecido,Desconhecido,Desconhecido,Desconhecido,Desconhecido,66111838000160,66.111.838/0001-60,Stone Instituição de Pagamento S.A.,0001,98432083-8,
Crédito,Transação,"89,00","R$ 0,00","R$ 88,43","R$ 0,57",06/10/2026 18:37,18:37:15.288,FINISHED,,66111838000160,66.111.838/0001-60,Stone Instituição de Pagamento S.A.,0001,98432083-8,LARYSSA COSTA RIBEIRO,***.910.708-**,Banco Inter S.A.,Desconhecido,Desconhecido,
Débito,Transação,"-150,02","R$ 150,02","R$ 0,00","R$ 0,00",06/10/2026 16:03,16:03:33.220,FINISHED,,Desconhecido,Desconhecido,Desconhecido,Desconhecido,Desconhecido,66111838000160,66.111.838/0001-60,Stone Instituição de Pagamento S.A.,0001,98432083-8,
Crédito,Transação,"151,00","R$ 0,00","R$ 150,02","R$ 0,98",06/10/2026 16:03,16:03:33.151,FINISHED,,66111838000160,66.111.838/0001-60,Stone Instituição de Pagamento S.A.,0001,98432083-8,Erica Santiago,***.785.688-**,NU PAGAMENTOS S.A. - INSTITUIÇÃO DE PAGAMENTO,Desconhecido,Desconhecido,
Débito,Transação,"-52,23","R$ 52,23","R$ 0,00","R$ 0,00",06/10/2026 08:16,08:16:31.933,FINISHED,,Desconhecido,Desconhecido,Desconhecido,Desconhecido,Desconhecido,66111838000160,66.111.838/0001-60,Stone Instituição de Pagamento S.A.,0001,98432083-8,
Crédito,Recebível de Cartão,"52,23","R$ 0,00","R$ 52,23","R$ 0,00",06/10/2026 08:16,08:16:31.807,FINISHED,,66111838000160,66.111.838/0001-60,Stone Instituição de Pagamento S.A.,0001,98432083-8,Desconhecido,Desconhecido,Desconhecido,Desconhecido,Desconhecido,
Débito,Transação,"-195,11","R$ 195,11","R$ 0,00","R$ 0,00",06/10/2026 08:00,08:00:18.709,FINISHED,,Desconhecido,Desconhecido,Desconhecido,Desconhecido,Desconhecido,66111838000160,66.111.838/0001-60,Stone Instituição de Pagamento S.A.,0001,98432083-8,
Crédito,Recebível de Cartão,"195,11","R$ 0,00","R$ 195,11","R$ 0,00",06/10/2026 08:00,08:00:18.570,FINISHED,,66111838000160,66.111.838/0001-60,Stone Instituição de Pagamento S.A.,0001,98432083-8,Desconhecido,Desconhecido,Desconhecido,Desconhecido,Desconhecido,
Débito,Transação,"-326,07","R$ 326,07","R$ 0,00","R$ 0,00",06/10/2026 07:53,07:53:28.703,FINISHED,,Desconhecido,Desconhecido,Desconhecido,Desconhecido,Desconhecido,66111838000160,66.111.838/0001-60,Stone Instituição de Pagamento S.A.,0001,98432083-8,
Crédito,Recebível de Cartão,"326,07","R$ 0,00","R$ 326,07","R$ 0,00",06/10/2026 07:53,07:53:28.618,FINISHED,,66111838000160,66.111.838/0001-60,Stone Instituição de Pagamento S.A.,0001,98432083-8,Desconhecido,Desconhecido,Desconhecido,Desconhecido,Desconhecido,
Débito,Transação,"-89,00","R$ 89,00","R$ 0,00","R$ 0,00",05/10/2026 19:14,19:14:51.944,FINISHED,,Desconhecido,Desconhecido,Desconhecido,Desconhecido,Desconhecido,66111838000160,66.111.838/0001-60,Stone Instituição de Pagamento S.A.,0001,98432083-8,
Crédito,Pix,"89,00","R$ 0,00","R$ 89,00",Grátis,05/10/2026 19:14,19:14:51.896,Recebido,,66111838000160,66.111.838/0001-60,Stone Instituição de Pagamento S.A.,0001,98432083-8,ROSANGELA SIQUEIRA DE PINHO GARCIA,***.683.527-**,ITAÚ UNIBANCO S.A.,Desconhecido,Desconhecido,
Débito,Transação,"-108,30","R$ 108,30","R$ 0,00","R$ 0,00",05/10/2026 19:12,19:12:06.436,FINISHED,,Desconhecido,Desconhecido,Desconhecido,Desconhecido,Desconhecido,66111838000160,66.111.838/0001-60,Stone Instituição de Pagamento S.A.,0001,98432083-8,
Crédito,Transação,"109,00","R$ 0,00","R$ 108,30","R$ 0,70",05/10/2026 19:12,19:12:06.374,FINISHED,,66111838000160,66.111.838/0001-60,Stone Instituição de Pagamento S.A.,0001,98432083-8,THAINA NEVES MOTA,***.651.998-**,Banco Inter S.A.,Desconhecido,Desconhecido,
Débito,Transação,"-52,66","R$ 52,66","R$ 0,00","R$ 0,00",05/10/2026 18:44,18:44:58.998,FINISHED,,Desconhecido,Desconhecido,Desconhecido,Desconhecido,Desconhecido,66111838000160,66.111.838/0001-60,Stone Instituição de Pagamento S.A.,0001,98432083-8,
Crédito,Transação,"53,00","R$ 0,00","R$ 52,66","R$ 0,34",05/10/2026 18:44,18:44:58.938,FINISHED,,66111838000160,66.111.838/0001-60,Stone Instituição de Pagamento S.A.,0001,98432083-8,MUNIQUE DIAS DE ALMEIDA PELEIAS,***.030.898-**,BANCO SANTANDER (BRASIL) S.A.,Desconhecido,Desconhecido,
Débito,Transação,"-302,03","R$ 302,03","R$ 0,00","R$ 0,00",05/10/2026 17:57,17:57:42.674,FINISHED,,Desconhecido,Desconhecido,Desconhecido,Desconhecido,Desconhecido,66111838000160,66.111.838/0001-60,Stone Instituição de Pagamento S.A.,0001,98432083-8,
Crédito,Transação,"304,00","R$ 0,00","R$ 302,03","R$ 1,97",05/10/2026 17:57,17:57:42.620,FINISHED,,66111838000160,66.111.838/0001-60,Stone Instituição de Pagamento S.A.,0001,98432083-8,DANIELA ZEPPELLINI DO PRADO,***.547.148-**,CAIXA ECONOMICA FEDERAL,Desconhecido,Desconhecido,
Débito,Transação,"-38,75","R$ 38,75","R$ 0,00","R$ 0,00",05/10/2026 13:19,13:19:27.591,FINISHED,,Desconhecido,Desconhecido,Desconhecido,Desconhecido,Desconhecido,66111838000160,66.111.838/0001-60,Stone Instituição de Pagamento S.A.,0001,98432083-8,
Crédito,Transação,"39,00","R$ 0,00","R$ 38,75","R$ 0,25",05/10/2026 13:19,13:19:27.537,FINISHED,,66111838000160,66.111.838/0001-60,Stone Instituição de Pagamento S.A.,0001,98432083-8,63 455 415 JESSICA MARIA DA SILVA O,63.455.415/0001-70,Banco Inter S.A.,Desconhecido,Desconhecido,
Débito,Transação,"-1.210,07","R$ 1.210,07","R$ 0,00","R$ 0,00",05/10/2026 08:31,08:31:50.486,FINISHED,,Desconhecido,Desconhecido,Desconhecido,Desconhecido,Desconhecido,66111838000160,66.111.838/0001-60,Stone Instituição de Pagamento S.A.,0001,98432083-8,
Crédito,Recebível de Cartão,"1.210,07","R$ 0,00","R$ 1.210,07","R$ 0,00",05/10/2026 08:31,08:31:50.418,FINISHED,,66111838000160,66.111.838/0001-60,Stone Instituição de Pagamento S.A.,0001,98432083-8,Desconhecido,Desconhecido,Desconhecido,Desconhecido,Desconhecido,
Débito,Transação,"-1.011,51","R$ 1.011,51","R$ 0,00","R$ 0,00",05/10/2026 08:26,08:26:59.885,FINISHED,,Desconhecido,Desconhecido,Desconhecido,Desconhecido,Desconhecido,66111838000160,66.111.838/0001-60,Stone Instituição de Pagamento S.A.,0001,98432083-8,
Crédito,Recebível de Cartão,"1.011,51","R$ 0,00","R$ 1.011,51","R$ 0,00",05/10/2026 08:26,08:26:59.801,FINISHED,,66111838000160,66.111.838/0001-60,Stone Instituição de Pagamento S.A.,0001,98432083-8,Desconhecido,Desconhecido,Desconhecido,Desconhecido,Desconhecido,
Débito,Transação,"-722,30","R$ 722,30","R$ 0,00","R$ 0,00",05/10/2026 08:23,08:23:50.377,FINISHED,,Desconhecido,Desconhecido,Desconhecido,Desconhecido,Desconhecido,66111838000160,66.111.838/0001-60,Stone Instituição de Pagamento S.A.,0001,98432083-8,
Crédito,Recebível de Cartão,"722,30","R$ 0,00","R$ 722,30","R$ 0,00",05/10/2026 08:23,08:23:49.971,FINISHED,,66111838000160,66.111.838/0001-60,Stone Instituição de Pagamento S.A.,0001,98432083-8,Desconhecido,Desconhecido,Desconhecido,Desconhecido,Desconhecido,
Débito,Transação,"-174,97","R$ 174,97","R$ 0,00","R$ 0,00",05/10/2026 08:16,08:16:47.365,FINISHED,,Desconhecido,Desconhecido,Desconhecido,Desconhecido,Desconhecido,66111838000160,66.111.838/0001-60,Stone Instituição de Pagamento S.A.,0001,98432083-8,
Crédito,Recebível de Cartão,"174,97","R$ 0,00","R$ 174,97","R$ 0,00",05/10/2026 08:16,08:16:47.296,FINISHED,,66111838000160,66.111.838/0001-60,Stone Instituição de Pagamento S.A.,0001,98432083-8,Desconhecido,Desconhecido,Desconhecido,Desconhecido,Desconhecido,
Débito,Transação,"-2.248,81","R$ 2.248,81","R$ 0,00","R$ 0,00",05/10/2026 07:53,07:53:58.836,FINISHED,,Desconhecido,Desconhecido,Desconhecido,Desconhecido,Desconhecido,66111838000160,66.111.838/0001-60,Stone Instituição de Pagamento S.A.,0001,98432083-8,
Crédito,Recebível de Cartão,"2.248,81","R$ 0,00","R$ 2.248,81","R$ 0,00",05/10/2026 07:53,07:53:58.772,FINISHED,,66111838000160,66.111.838/0001-60,Stone Instituição de Pagamento S.A.,0001,98432083-8,Desconhecido,Desconhecido,Desconhecido,Desconhecido,Desconhecido,
Débito,Transação,"-96,00","R$ 96,00","R$ 0,00","R$ 0,00",03/10/2026 19:41,19:41:34.059,FINISHED,,Desconhecido,Desconhecido,Desconhecido,Desconhecido,Desconhecido,66111838000160,66.111.838/0001-60,Stone Instituição de Pagamento S.A.,0001,98432083-8,
Crédito,Pix,"96,00","R$ 0,00","R$ 96,00",Grátis,03/10/2026 19:41,19:41:33.999,Recebido,,66111838000160,66.111.838/0001-60,Stone Instituição de Pagamento S.A.,0001,98432083-8,SANDRA BETINA SANTOS BARBOSA,***.982.678-**,Banco Bradesco S.A.,Desconhecido,Desconhecido,
Débito,Transação,"-160,95","R$ 160,95","R$ 0,00","R$ 0,00",03/10/2026 14:19,14:19:38.666,FINISHED,,Desconhecido,Desconhecido,Desconhecido,Desconhecido,Desconhecido,66111838000160,66.111.838/0001-60,Stone Instituição de Pagamento S.A.,0001,98432083-8,
Crédito,Transação,"162,00","R$ 0,00","R$ 160,95","R$ 1,05",03/10/2026 14:19,14:19:38.614,FINISHED,,66111838000160,66.111.838/0001-60,Stone Instituição de Pagamento S.A.,0001,98432083-8,ELISSANDRA RIBEIRO DA SILVA,***.938.578-**,Banco Inter S.A.,Desconhecido,Desconhecido,
Débito,Transação,"-88,43","R$ 88,43","R$ 0,00","R$ 0,00",03/10/2026 12:01,12:01:12.923,FINISHED,,Desconhecido,Desconhecido,Desconhecido,Desconhecido,Desconhecido,66111838000160,66.111.838/0001-60,Stone Instituição de Pagamento S.A.,0001,98432083-8,
Crédito,Transação,"89,00","R$ 0,00","R$ 88,43","R$ 0,57",03/10/2026 12:01,12:01:12.869,FINISHED,,66111838000160,66.111.838/0001-60,Stone Instituição de Pagamento S.A.,0001,98432083-8,Aline Kaline da Silva Torres,***.242.634-**,NU PAGAMENTOS S.A. - INSTITUIÇÃO DE PAGAMENTO,Desconhecido,Desconhecido,
Débito,Transação,"-105,32","R$ 105,32","R$ 0,00","R$ 0,00",03/10/2026 11:09,11:09:44.951,FINISHED,,Desconhecido,Desconhecido,Desconhecido,Desconhecido,Desconhecido,66111838000160,66.111.838/0001-60,Stone Instituição de Pagamento S.A.,0001,98432083-8,
Crédito,Transação,"106,00","R$ 0,00","R$ 105,32","R$ 0,68",03/10/2026 11:09,11:09:44.890,FINISHED,,66111838000160,66.111.838/0001-60,Stone Instituição de Pagamento S.A.,0001,98432083-8,CARMEM ELIZABETE LIMA RODRIGUES,***.397.058-**,Banco Bradesco S.A.,Desconhecido,Desconhecido,
Débito,Transação,"-52,66","R$ 52,66","R$ 0,00","R$ 0,00",03/10/2026 10:46,10:46:04.884,FINISHED,,Desconhecido,Desconhecido,Desconhecido,Desconhecido,Desconhecido,66111838000160,66.111.838/0001-60,Stone Instituição de Pagamento S.A.,0001,98432083-8,
Crédito,Transação,"53,00","R$ 0,00","R$ 52,66","R$ 0,34",03/10/2026 10:46,10:46:04.824,FINISHED,,66111838000160,66.111.838/0001-60,Stone Instituição de Pagamento S.A.,0001,98432083-8,CLEIDIANE SILVA CORREIA,***.552.008-**,PICPAY INSTITUIçãO DE PAGAMENTO S.A.,Desconhecido,Desconhecido,
Débito,Transação,"-88,43","R$ 88,43","R$ 0,00","R$ 0,00",02/10/2026 13:30,13:30:42.386,FINISHED,,Desconhecido,Desconhecido,Desconhecido,Desconhecido,Desconhecido,66111838000160,66.111.838/0001-60,Stone Instituição de Pagamento S.A.,0001,98432083-8,
Crédito,Transação,"89,00","R$ 0,00","R$ 88,43","R$ 0,57",02/10/2026 13:30,13:30:42.329,FINISHED,,66111838000160,66.111.838/0001-60,Stone Instituição de Pagamento S.A.,0001,98432083-8,EDWARD GI SUN KOH,***.322.448-**,ITAÚ UNIBANCO S.A.,Desconhecido,Desconhecido,
Débito,Transação,"-59,61","R$ 59,61","R$ 0,00","R$ 0,00",02/10/2026 11:29,11:29:56.836,FINISHED,,Desconhecido,Desconhecido,Desconhecido,Desconhecido,Desconhecido,66111838000160,66.111.838/0001-60,Stone Instituição de Pagamento S.A.,0001,98432083-8,
Crédito,Transação,"60,00","R$ 0,00","R$ 59,61","R$ 0,39",02/10/2026 11:29,11:29:56.783,FINISHED,,66111838000160,66.111.838/0001-60,Stone Instituição de Pagamento S.A.,0001,98432083-8,ALANE V J O GUIMARAES,***.962.998-**,Banco do Brasil S.A.,Desconhecido,Desconhecido,
Débito,Transação,"-96,94","R$ 96,94","R$ 0,00","R$ 0,00",02/10/2026 08:13,08:13:18.859,FINISHED,,Desconhecido,Desconhecido,Desconhecido,Desconhecido,Desconhecido,66111838000160,66.111.838/0001-60,Stone Instituição de Pagamento S.A.,0001,98432083-8,
Crédito,Recebível de Cartão,"96,94","R$ 0,00","R$ 96,94","R$ 0,00",02/10/2026 08:13,08:13:18.745,FINISHED,,66111838000160,66.111.838/0001-60,Stone Instituição de Pagamento S.A.,0001,98432083-8,Desconhecido,Desconhecido,Desconhecido,Desconhecido,Desconhecido,
Débito,Transação,"-179,34","R$ 179,34","R$ 0,00","R$ 0,00",02/10/2026 08:10,08:10:13.274,FINISHED,,Desconhecido,Desconhecido,Desconhecido,Desconhecido,Desconhecido,66111838000160,66.111.838/0001-60,Stone Instituição de Pagamento S.A.,0001,98432083-8,
Crédito,Recebível de Cartão,"179,34","R$ 0,00","R$ 179,34","R$ 0,00",02/10/2026 08:10,08:10:13.167,FINISHED,,66111838000160,66.111.838/0001-60,Stone Instituição de Pagamento S.A.,0001,98432083-8,Desconhecido,Desconhecido,Desconhecido,Desconhecido,Desconhecido,
Débito,Transação,"-509,16","R$ 509,16","R$ 0,00","R$ 0,00",02/10/2026 08:01,08:01:08.893,FINISHED,,Desconhecido,Desconhecido,Desconhecido,Desconhecido,Desconhecido,66111838000160,66.111.838/0001-60,Stone Instituição de Pagamento S.A.,0001,98432083-8,
Crédito,Recebível de Cartão,"509,16","R$ 0,00","R$ 509,16","R$ 0,00",02/10/2026 08:01,08:01:08.819,FINISHED,,66111838000160,66.111.838/0001-60,Stone Instituição de Pagamento S.A.,0001,98432083-8,Desconhecido,Desconhecido,Desconhecido,Desconhecido,Desconhecido,
Débito,Transação,"-52,66","R$ 52,66","R$ 0,00","R$ 0,00",01/10/2026 09:46,09:46:21.924,FINISHED,,Desconhecido,Desconhecido,Desconhecido,Desconhecido,Desconhecido,66111838000160,66.111.838/0001-60,Stone Instituição de Pagamento S.A.,0001,98432083-8,
Crédito,Transação,"53,00","R$ 0,00","R$ 52,66","R$ 0,34",01/10/2026 09:46,09:46:21.870,FINISHED,,66111838000160,66.111.838/0001-60,Stone Instituição de Pagamento S.A.,0001,98432083-8,ANA CLAUDIA DOS SANTOS SILVA LTDA,41.816.965/0001-34,NU PAGAMENTOS S.A. - INSTITUIÇÃO DE PAGAMENTO,Desconhecido,Desconhecido,
Débito,Transação,"-263,10","R$ 263,10","R$ 0,00","R$ 0,00",01/10/2026 08:14,08:14:21.872,FINISHED,,Desconhecido,Desconhecido,Desconhecido,Desconhecido,Desconhecido,66111838000160,66.111.838/0001-60,Stone Instituição de Pagamento S.A.,0001,98432083-8,
Crédito,Recebível de Cartão,"263,10","R$ 0,00","R$ 263,10","R$ 0,00",01/10/2026 08:14,08:14:21.630,FINISHED,,66111838000160,66.111.838/0001-60,Stone Instituição de Pagamento S.A.,0001,98432083-8,Desconhecido,Desconhecido,Desconhecido,Desconhecido,Desconhecido,
